pk,third_party_downloads_enabled,full_name,strong_id__,profile_pic_id,fbid_v2,has_onboarded_to_text_post_app,all_media_count,allowed_commenter_type,account_badges,reel_auto_archive,pk_id,has_anonymous_profile_picture,username,liked_clips_count,is_favorite,is_private,profile_pic_url,latest_reel_media,interop_messaging_user_fbid,is_verified
"""3609105746""",0,"""Tom Gaillard""","""3609105746""","""3167290858071977017_3609105746""","""17841403652381138""",false,330,"""any""",[],"""on""","""3609105746""",false,"""tom_gaillard_""",3211,false,true,"""https://scontent-yyz1-1.cdninstagram.com/v/t51.2885-19/366409325_820121269764098_8967083281283458211_n.jpg?stp=dst-jpg_s150x150&_nc_ht=scontent-yyz1-1.cdninstagram.com&_nc_cat=102&_nc_ohc=8z_CwFoq2nwAb4PL19g&edm=ALB854YBAAAA&ccb=7-5&oh=00_AfALpoz7ilBBHLkgrb8yUzyr8gbTBzVI8EBhQLwokYfn6g&oe=6617CA08&_nc_sid=ce9561""",0,116788276371073,false
"""1548499784""",0,"""Carlos""","""1548499784""","""3285638507446928516_1548499784""","""17841400593544195""","""""","""""","""""",[],"""""","""1548499784""",false,"""carlosnumbers""","""""",false,true,"""https://scontent-yyz1-1.cdninstagram.com/v/t51.2885-19/420879424_280385294752460_7141826413814987030_n.jpg?stp=dst-jpg_s150x150&_nc_ht=scontent-yyz1-1.cdninstagram.com&_nc_cat=108&_nc_ohc=-HcFaJBfXHkAb5T4ALw&edm=ALB854YBAAAA&ccb=7-5&oh=00_AfC5zainAaV_d1fGOE-TZC1Hl6Eh6yMyxYKoW3ovq7L1cA&oe=6617C05B&_nc_sid=ce9561""",0,"""""",false
"""12189365645""",0,"""Steven""","""12189365645""","""3338256036094654220_12189365645""","""17841412169373670""","""""","""""","""""",[],"""""","""12189365645""",false,"""5teevenz""","""""",false,true,"""https://scontent-yyz1-1.cdninstagram.com/v/t51.2885-19/435100062_1765620267182143_1017322923329718716_n.jpg?stp=dst-jpg_s150x150&_nc_ht=scontent-yyz1-1.cdninstagram.com&_nc_cat=107&_nc_ohc=Wc6Udjaql9sAb5pfkO9&edm=ALB854YBAAAA&ccb=7-5&oh=00_AfAJNe3T6rL1nk1Nt1Bi099mpHsJ2U3R41D97a9DwCGpCw&oe=6617B352&_nc_sid=ce9561""",0,"""""",false
"""4025752585""",0,"""Sacha Paquette""","""4025752585""","""3322514778604396035_4025752585""","""17841403857573219""","""""","""""","""""",[],"""""","""4025752585""",false,"""sachapaquette""","""""",false,true,"""https://scontent-yyz1-1.cdninstagram.com/v/t51.2885-19/432513952_1095816424987662_7945735175016363741_n.jpg?stp=dst-jpg_s150x150&_nc_ht=scontent-yyz1-1.cdninstagram.com&_nc_cat=106&_nc_ohc=rx--4oYatpQAb4JP-Dr&edm=ALB854YBAAAA&ccb=7-5&oh=00_AfB4C8HUWe3Qdxd804hYKguEpC-JBcdAzkZxlxjFCOkZ8w&oe=6617DEB5&_nc_sid=ce9561""",0,"""""",false
"""455158934""",0,"""S a m i a""","""455158934""","""3270763987787737540_455158934""","""17841401648027111""","""""","""""","""""",[],"""""","""455158934""",false,"""samia_annab_""","""""",false,false,"""https://scontent-yyz1-1.cdninstagram.com/v/t51.2885-19/414490509_252025321241296_1187975246342151926_n.jpg?stp=dst-jpg_s150x150&_nc_ht=scontent-yyz1-1.cdninstagram.com&_nc_cat=104&_nc_ohc=zhkjZ-Me7oIAb4pfPu7&edm=ALB854YBAAAA&ccb=7-5&oh=00_AfAD_YW6PhWgLq5kfCBUlHH5KCHFLBlt0pMIE1jC2Rk6CQ&oe=6617B3E8&_nc_sid=ce9561""",0,"""""",false
"""8061651238""",0,"""Abraham Cournoyer""","""8061651238""","""2941289803334440464_8061651238""","""17841408017157706""","""""","""""","""""",[],"""""","""8061651238""",false,"""abraham.cournoyer""","""""",false,true,"""https://scontent-yyz1-1.cdninstagram.com/v/t51.2885-19/310270387_623788525859310_3012212232842894950_n.jpg?stp=dst-jpg_s150x150&_nc_ht=scontent-yyz1-1.cdninstagram.com&_nc_cat=106&_nc_ohc=E7moy8OH6UMAb7WpiQ6&edm=ALB854YBAAAA&ccb=7-5&oh=00_AfCTx32aXVpa5IK-eLoHx77AoqOjs5r0ljmgpB2T86JwKQ&oe=6617CAC9&_nc_sid=ce9561""",0,"""""",false
"""346456804""",0,"""Nicolas Fontaine""","""346456804""","""3238218410344640746_346456804""","""17841400744125413""","""""","""""","""""",[],"""""","""346456804""",false,"""nico7fontaine""","""""",false,false,"""https://scontent-yyz1-1.cdninstagram.com/v/t51.2885-19/403787685_304933345710092_6633307937559646249_n.jpg?stp=dst-jpg_s150x150&_nc_ht=scontent-yyz1-1.cdninstagram.com&_nc_cat=108&_nc_ohc=r-p1FG2Qe-QAb7LBBK3&edm=ALB854YBAAAA&ccb=7-5&oh=00_AfAQ79fK42DLcCdxXQ07lmyIXVCwEcuH9tzg6zYYpD8TVQ&oe=6617DAAD&_nc_sid=ce9561""",0,"""""",false
"""52281891996""",0,"""""","""52281891996""","""3248291594930506681_52281891996""","""17841452199905236""","""""","""""","""""",[],"""""","""52281891996""",false,"""carlosdigits""","""""",false,true,"""https://scontent-yyz1-1.cdninstagram.com/v/t51.2885-19/405255150_878848963609692_1421285139205118420_n.jpg?stp=dst-jpg_s150x150&_nc_ht=scontent-yyz1-1.cdninstagram.com&_nc_cat=100&_nc_ohc=pvMDCAhhPlUAb4uPUpp&edm=ALB854YBAAAA&ccb=7-5&oh=00_AfAN087HTNHR_AvcXwQcgETSLpPSOktgs79-8IG7N4_6Dw&oe=6617C77A&_nc_sid=ce9561""",0,"""""",false
"""6255640631""",0,"""Mathias Racicot""","""6255640631""","""2338233203448264130_6255640631""","""17841406258931955""","""""","""""","""""",[],"""""","""6255640631""",false,"""math.racicot""","""""",false,true,"""https://scontent-yyz1-1.cdninstagram.com/v/t51.2885-19/103985699_269860980993753_1074291856252613736_n.jpg?stp=dst-jpg_s150x150&_nc_ht=scontent-yyz1-1.cdninstagram.com&_nc_cat=109&_nc_ohc=PLKjfj5KxKAAb6x21Q-&edm=ALB854YBAAAA&ccb=7-5&oh=00_AfB2_JkOD0Yp8ICDi-M-naSHqJehrc_qHUJEFj98TPpFQw&oe=6617B654&_nc_sid=ce9561""",0,"""""",false
"""52192524034""",0,"""""","""52192524034""","""3332546703503494740_52192524034""","""17841452201034065""","""""","""""","""""",[],"""""","""52192524034""",false,"""5teevenzz""","""""",false,true,"""https://scontent-yyz1-1.cdninstagram.com/v/t51.2885-19/434466948_1808045916340241_8233841795731906607_n.jpg?stp=dst-jpg_s150x150&_nc_ht=scontent-yyz1-1.cdninstagram.com&_nc_cat=105&_nc_ohc=xU8jWu0swBgAb4CqAL1&edm=ALB854YBAAAA&ccb=7-5&oh=00_AfBUcWP881Y-0Aa20TOxlgpiQBjjeOdifmI72MQrEj0i0g&oe=6617BDAB&_nc_sid=ce9561""",0,"""""",false
"""56746748587""",0,"""""","""56746748587""","""3064872063597127508_56746748587""","""17841456777623343""","""""","""""","""""",[],"""""","""56746748587""",false,"""togailled""","""""",false,true,"""https://scontent-yyz1-1.cdninstagram.com/v/t51.2885-19/337302250_601738731854257_5625809085488813067_n.jpg?stp=dst-jpg_s150x150&_nc_ht=scontent-yyz1-1.cdninstagram.com&_nc_cat=101&_nc_ohc=7Hi4jOyPkScAb6I2JD1&edm=ALB854YBAAAA&ccb=7-5&oh=00_AfAF4z3F83dpHP---vJtRWXCwgAjpC6OnuI0AZnGbHle7g&oe=6617B6B4&_nc_sid=ce9561""",0,"""""",false
"""4572754881""",1,"""😈""","""4572754881""","""3261725286499736342_4572754881""","""17841404646431594""","""""","""""","""""",[],"""""","""4572754881""",false,"""kiddeine612""","""""",false,false,"""https://scontent-yyz1-1.cdninstagram.com/v/t51.2885-19/412725700_372968758597665_4081579422109690926_n.jpg?stp=dst-jpg_s150x150&_nc_ht=scontent-yyz1-1.cdninstagram.com&_nc_cat=109&_nc_ohc=t0IuONzeqI8Ab7MmpPo&edm=ALB854YBAAAA&ccb=7-5&oh=00_AfC5cmf6wzIhOBWDNXKUDYC544QlDfPLNMZy2krcLDBPkA&oe=6617BA77&_nc_sid=ce9561""",0,"""""",false
"""3565494818""",0,"""Jorge Restrepo""","""3565494818""","""2214859410521317214_3565494818""","""17841403564565686""","""""","""""","""""",[],"""""","""3565494818""",false,"""jorgi982""","""""",false,true,"""https://scontent-yyz1-1.cdninstagram.com/v/t51.2885-19/81622206_576311072926085_4875864672210780160_n.jpg?stp=dst-jpg_s150x150&_nc_ht=scontent-yyz1-1.cdninstagram.com&_nc_cat=105&_nc_ohc=6UZikrAtricAb7lAHuF&edm=ALB854YBAAAA&ccb=7-5&oh=00_AfAImLJCjrnGEEIGrCmU84uqhfb0WBkS4N1Eplk_ZHGV5g&oe=6617E568&_nc_sid=ce9561""",0,"""""",false
"""52588559945""",0,"""Sachet pocker""","""52588559945""","""3303815868139009521_52588559945""","""17841452798353569""","""""","""""","""""",[],"""""","""52588559945""",false,"""sacher_poquette""","""""",false,true,"""https://scontent-yyz1-1.cdninstagram.com/v/t51.2885-19/427979526_922469445857322_4792375371571978454_n.jpg?stp=dst-jpg_s150x150&_nc_ht=scontent-yyz1-1.cdninstagram.com&_nc_cat=106&_nc_ohc=ljw7WVbyuaIAb7BloXz&edm=ALB854YBAAAA&ccb=7-5&oh=00_AfA5jhbIRyMmQDaP50ThoMKJYfWW3tzyFiU3tyrWlWWDBA&oe=6617B52A&_nc_sid=ce9561""",0,"""""",false
"""1426841033""",0,"""Gabriel Duval""","""1426841033""","""2565155855476441268_1426841033""","""17841400751012294""","""""","""""","""""",[],"""""","""1426841033""",false,"""gabduval""","""""",false,false,"""https://scontent-yyz1-1.cdninstagram.com/v/t51.2885-19/181007663_472579330626043_8320420155747061740_n.jpg?stp=dst-jpg_s150x150&_nc_ht=scontent-yyz1-1.cdninstagram.com&_nc_cat=107&_nc_ohc=g3nUvejhtzsAb69fy61&edm=ALB854YBAAAA&ccb=7-5&oh=00_AfClJzaYavqmfOKOb--Gc2tfmFoSsAjqCB5B9PJ74yro_Q&oe=6617B8C2&_nc_sid=ce9561""",0,"""""",false
"""7276391214""",0,"""Greg Ayoub""","""7276391214""","""3265800809211275590_7276391214""","""17841407416429548""","""""","""""","""""",[],"""""","""7276391214""",false,"""_russian_crusader_""","""""",false,false,"""https://scontent-yyz1-1.cdninstagram.com/v/t51.2885-19/412675072_1277614886258351_4176086802405531478_n.jpg?stp=dst-jpg_s150x150&_nc_ht=scontent-yyz1-1.cdninstagram.com&_nc_cat=111&_nc_ohc=KVWv_9d89NwAb4hhuZX&edm=ALB854YBAAAA&ccb=7-5&oh=00_AfBkA1UrWrrQ_Ny2cEiZwy-IIuyALSEoSieQTd85SV6EUA&oe=6617D115&_nc_sid=ce9561""",0,"""""",false
"""5798053015""",0,"""Alex Marcoux""","""5798053015""","""2559256100133105659_5798053015""","""17841405910454756""","""""","""""","""""",[],"""""","""5798053015""",false,"""ale_marcoux""","""""",false,false,"""https://scontent-yyz1-1.cdninstagram.com/v/t51.2885-19/177227865_352027626527368_5650424417418400610_n.jpg?stp=dst-jpg_s150x150&_nc_ht=scontent-yyz1-1.cdninstagram.com&_nc_cat=104&_nc_ohc=YQ8Xkr2k95oAb6abX8M&edm=ALB854YBAAAA&ccb=7-5&oh=00_AfA57xMijcB4kzZWmYMDF9yjXZKwUpicYCgJT2Ev4lMAWA&oe=6617B242&_nc_sid=ce9561""",0,"""""",false
"""52617645356""",0,"""""","""52617645356""","""2851642643114907839_52617645356""","""17841452720687205""","""""","""""","""""",[],"""""","""52617645356""",false,"""deusx69_420""","""""",false,true,"""https://scontent-yyz1-1.cdninstagram.com/v/t51.2885-19/285206852_1587780548289781_3766295302540105466_n.jpg?stp=dst-jpg_s150x150&_nc_ht=scontent-yyz1-1.cdninstagram.com&_nc_cat=101&_nc_ohc=uzmM241AIsUAb4eE5dV&edm=ALB854YBAAAA&ccb=7-5&oh=00_AfCtOJOeSq0gdjZoqIFwt478DVmPqkf2pD8Fj6lmeITttw&oe=6617B609&_nc_sid=ce9561""",0,"""""",false
"""2089076373""",0,"""Thomas-Jules""","""2089076373""","""2888351914477105358_2089076373""","""17841402051211134""","""""","""""","""""",[],"""""","""2089076373""",false,"""thomasjules03""","""""",false,true,"""https://scontent-yyz1-1.cdninstagram.com/v/t51.2885-19/295067029_361243136156441_2437122267417970512_n.jpg?stp=dst-jpg_s150x150&_nc_ht=scontent-yyz1-1.cdninstagram.com&_nc_cat=105&_nc_ohc=p9Zdg_7K8WkAb7hBfU6&edm=ALB854YBAAAA&ccb=7-5&oh=00_AfAoIsdgBUdL_4XY9hrWyYMJlAcsKbv98FBirjm6t1X7xQ&oe=6617D869&_nc_sid=ce9561""",0,"""""",false
"""5476703515""",0,"""Jean Guy""","""5476703515""","""2173396801628917002_5476703515""","""17841405505474587""","""""","""""","""""",[],"""""","""5476703515""",false,"""jeanguy.wav""","""""",false,false,"""https://scontent-yyz1-1.cdninstagram.com/v/t51.2885-19/73521750_2519488978132992_8320221881445646336_n.jpg?stp=dst-jpg_s150x150&_nc_ht=scontent-yyz1-1.cdninstagram.com&_nc_cat=100&_nc_ohc=E-fH7YQzxf8Ab46lu5U&edm=ALB854YBAAAA&ccb=7-5&oh=00_AfBjaPhFLsFD31obrOsAfkQoE8AJVgKmKPBDV_GZx59IhA&oe=6617E8FB&_nc_sid=ce9561""",0,"""""",false
"""2370235536""",0,"""Ray""","""2370235536""","""3330674064417760065_2370235536""","""17841402266106279""","""""","""""","""""",[],"""""","""2370235536""",false,"""rayanb.dll""","""""",false,true,"""https://scontent-yyz1-1.cdninstagram.com/v/t51.2885-19/434268745_1550446925797968_8138164748546577501_n.jpg?stp=dst-jpg_s150x150&_nc_ht=scontent-yyz1-1.cdninstagram.com&_nc_cat=100&_nc_ohc=yEom7djjJ0kAb4UbVgj&edm=ALB854YBAAAA&ccb=7-5&oh=00_AfDJPXuqhSn6aowK1rL6OExoerv7z-uln924-dGHFq_dLQ&oe=6617C2F9&_nc_sid=ce9561""",0,"""""",false
"""317823002""",1,"""Adriana Olivares H.""","""317823002""","""3324005716304857736_317823002""","""17841401890064965""","""""","""""","""""",[],"""""","""317823002""",false,"""adriana.olivares.h""","""""",false,false,"""https://scontent-yyz1-1.cdninstagram.com/v/t51.2885-19/432912233_7687845794570408_2276354668731777974_n.jpg?stp=dst-jpg_s150x150&_nc_ht=scontent-yyz1-1.cdninstagram.com&_nc_cat=108&_nc_ohc=UgZ0OJO9gnQAb6C_L3V&edm=ALB854YBAAAA&ccb=7-5&oh=00_AfCzA1gX_BK45_WxXjBsP3SS-ARny1q4Krq8wa3F1qUYNg&oe=6617E161&_nc_sid=ce9561""",0,"""""",false
"""1777543238""",0,"""Jason Statham""","""1777543238""","""1278638287928598250_1777543238""","""17841400217167774""","""""","""""","""""",[],"""""","""1777543238""",false,"""jasonstatham""","""""",false,false,"""https://scontent-yyz1-1.cdninstagram.com/v/t51.2885-19/13402224_561313060714843_108117413_a.jpg?stp=dst-jpg_s150x150&_nc_ht=scontent-yyz1-1.cdninstagram.com&_nc_cat=1&_nc_ohc=aB-YwjBgVrsAb4CSPvw&edm=ALB854YBAAAA&ccb=7-5&oh=00_AfBSUFZPPiWLpnuhbt9zf385Z5wtU6m8um2oJHKqPXRYSA&oe=6617D989&_nc_sid=ce9561""",0,"""""",true
"""19649762""",0,"""Madison Beer""","""19649762""","""3226808128444352774_19649762""","""17841400052860307""","""""","""""","""""",[],"""""","""19649762""",false,"""madisonbeer""","""""",false,false,"""https://scontent-yyz1-1.cdninstagram.com/v/t51.2885-19/398460852_1404006550469318_8416770243208622572_n.jpg?stp=dst-jpg_s150x150&_nc_ht=scontent-yyz1-1.cdninstagram.com&_nc_cat=1&_nc_ohc=xBsY-ZkBzdUAb69ZDhS&edm=ALB854YBAAAA&ccb=7-5&oh=00_AfBV6deNi9l1Y0bzxB5TpiY9mrg-XT7DmzyKRpa58pRzmA&oe=6617E57C&_nc_sid=ce9561""",0,"""""",true
"""7527795044""",1,"""Qui ça? 👤""","""7527795044""","""3338250200760808210_7527795044""","""17841407531330974""","""""","""""","""""",[],"""""","""7527795044""",false,"""olish_po""","""""",false,false,"""https://scontent-yyz1-1.cdninstagram.com/v/t51.2885-19/435466417_384779064477284_2440354863504398761_n.jpg?stp=dst-jpg_s150x150&_nc_ht=scontent-yyz1-1.cdninstagram.com&_nc_cat=108&_nc_ohc=1XjBcSpzxPQAb7m6_RS&edm=ALB854YBAAAA&ccb=7-5&oh=00_AfDrPBrcmq1uQ1RV9CLWxMWm_X-Y1tCgYXRSF_jhjsx_tg&oe=6617D485&_nc_sid=ce9561""",1712424860,"""""",false
"""47977999647""",0,"""Anthony Lavoie""","""47977999647""","""2600537255531481678_47977999647""","""17841447989437249""","""""","""""","""""",[],"""""","""47977999647""",false,"""anthonylavoie56""","""""",false,false,"""https://scontent-yyz1-1.cdninstagram.com/v/t51.2885-19/203434394_826451978012784_7095948264268976274_n.jpg?stp=dst-jpg_s150x150&_nc_ht=scontent-yyz1-1.cdninstagram.com&_nc_cat=100&_nc_ohc=IrHu2ZmwMrUAb5cc2Fq&edm=ALB854YBAAAA&ccb=7-5&oh=00_AfBNdLI9K3OPOw_iwFt4U_pomkZA0ioVijjIZGm019c5CA&oe=6617D151&_nc_sid=ce9561""",0,"""""",false
"""1620306612""",0,"""Arev""","""1620306612""","""2669462410299310750_1620306612""","""17841400558385317""","""""","""""","""""",[],"""""","""1620306612""",false,"""endiccii""","""""",false,false,"""https://scontent-yyz1-1.cdninstagram.com/v/t51.2885-19/242705043_982787635902704_7101431148754044071_n.jpg?stp=dst-jpg_s150x150&_nc_ht=scontent-yyz1-1.cdninstagram.com&_nc_cat=108&_nc_ohc=tgG1x7BXDXoAb50vwL1&edm=ALB854YBAAAA&ccb=7-5&oh=00_AfB7LZwkRV3j7nptjtKJ2ZZut4IbRuxcvtlek6FVauEIVQ&oe=6617BDA7&_nc_sid=ce9561""",0,"""""",false
"""5464844738""",0,"""Nicolas Koji Kossaka""","""5464844738""","""3319377676853764253_5464844738""","""17841405422163105""","""""","""""","""""",[],"""""","""5464844738""",false,"""kojikossaka""","""""",false,true,"""https://scontent-yyz1-1.cdninstagram.com/v/t51.2885-19/431842896_1445218472739822_2110156470602115571_n.jpg?stp=dst-jpg_s150x150&_nc_ht=scontent-yyz1-1.cdninstagram.com&_nc_cat=106&_nc_ohc=Vnx7lCEaV30Ab4T87Qt&edm=ALB854YBAAAA&ccb=7-5&oh=00_AfCwIMYjXSHefcBBrZHcOpGhWY2kasoJjRfobwkMbjaA6w&oe=6617B804&_nc_sid=ce9561""",0,"""""",false
"""43276255320""",0,"""Vincent Brochu""","""43276255320""","""2972215172598061788_43276255320""","""17841443419609531""","""""","""""","""""",[],"""""","""43276255320""",false,"""vincent.brochu.10""","""""",false,false,"""https://scontent-yyz1-1.cdninstagram.com/v/t51.2885-19/315762802_822528032337943_5074247359068573082_n.jpg?stp=dst-jpg_s150x150&_nc_ht=scontent-yyz1-1.cdninstagram.com&_nc_cat=107&_nc_ohc=ZqrBEwHOWeUAb5vIR58&edm=ALB854YBAAAA&ccb=7-5&oh=00_AfBnGJADuMhyyw5w_XyChYKj-Ymr2YSKlr_OttlMiUTskQ&oe=6617BC81&_nc_sid=ce9561""",0,"""""",false
"""1102055088""",1,"""NOEL DEYZEL 🇿🇦""","""1102055088""","""2235139887781380775_1102055088""","""17841401172657219""","""""","""""","""""",[],"""""","""1102055088""",false,"""noeldeyzel_bodybuilder""","""""",false,false,"""https://scontent-yyz1-1.cdninstagram.com/v/t51.2885-19/82918568_723780921362605_8525605628402466816_n.jpg?stp=dst-jpg_s150x150&_nc_ht=scontent-yyz1-1.cdninstagram.com&_nc_cat=1&_nc_ohc=7RwtvsyIJjYAb7OKdit&edm=ALB854YBAAAA&ccb=7-5&oh=00_AfAY8lZgXYPSbgXFVbCjEmsHDgkqiECqc7YqDmLRtjHvQg&oe=6617CF84&_nc_sid=ce9561""",1712437651,"""""",true
"""1096458732""",0,"""vimean""","""1096458732""","""3123625974306675406_1096458732""","""17841400321977132""","""""","""""","""""",[],"""""","""1096458732""",false,"""vim_7777""","""""",false,false,"""https://scontent-yyz1-1.cdninstagram.com/v/t51.2885-19/353397582_786458376464694_4170988188540078827_n.jpg?stp=dst-jpg_s150x150&_nc_ht=scontent-yyz1-1.cdninstagram.com&_nc_cat=106&_nc_ohc=OfMrwxNXWBkAb7CtZgm&edm=ALB854YBAAAA&ccb=7-5&oh=00_AfAyTS_iPRGudpYD65rq8nCj-y_KMsF_3GqOATkzTOiHDg&oe=6617B498&_nc_sid=ce9561""",0,"""""",false
"""52253126400""",0,"""""","""52253126400""","""2803651502726557728_52253126400""","""17841452272021640""","""""","""""","""""",[],"""""","""52253126400""",false,"""fouadmalnouri""","""""",false,true,"""https://scontent-yyz1-1.cdninstagram.com/v/t51.2885-19/277416853_346882967479356_7836512303664434270_n.jpg?stp=dst-jpg_s150x150&_nc_ht=scontent-yyz1-1.cdninstagram.com&_nc_cat=100&_nc_ohc=NWi0317aYckAb5WSoq2&edm=ALB854YBAAAA&ccb=7-5&oh=00_AfDI88-UWnyDe8tJW0XMFS_jIjknsV8jt_Mi3mShKakF5Q&oe=6617E18F&_nc_sid=ce9561""",0,"""""",false
"""5673990209""",0,"""Fafou""","""5673990209""","""3335403676104167259_5673990209""","""17841405706289248""","""""","""""","""""",[],"""""","""5673990209""",false,"""aitnourifouad""","""""",false,true,"""https://scontent-yyz1-1.cdninstagram.com/v/t51.2885-19/434912115_767420738700686_2864055708545494605_n.jpg?stp=dst-jpg_s150x150&_nc_ht=scontent-yyz1-1.cdninstagram.com&_nc_cat=102&_nc_ohc=thkroHUV3uIAb5dlnnQ&edm=ALB854YBAAAA&ccb=7-5&oh=00_AfBLZmRscx_nGsspl8kQTXLE1vqzH_SrNKyOUrxG19fNjA&oe=6617DAD0&_nc_sid=ce9561""",0,"""""",false
"""1692820292""",2,"""FORMULA 1®""","""1692820292""","""3011972464876364303_1692820292""","""17841400608786450""","""""","""""","""""",[],"""""","""1692820292""",false,"""f1""","""""",false,false,"""https://scontent-yyz1-1.cdninstagram.com/v/t51.2885-19/324070088_5927812907297721_3555828067778354367_n.jpg?stp=dst-jpg_s150x150&_nc_ht=scontent-yyz1-1.cdninstagram.com&_nc_cat=1&_nc_ohc=eOV3aN8ReWIAb7lzGSV&edm=ALB854YBAAAA&ccb=7-5&oh=00_AfAPbzaJ77JFmSgXlJZxDnguBagmIHlwvDQsJw2tDCFMoA&oe=6617E273&_nc_sid=ce9561""",1712453241,"""""",true
"""48806745""",1,"""elena stavinoha""","""48806745""","""3240631736637416408_48806745""","""17841401162350762""","""""","""""","""""",[],"""""","""48806745""",false,"""elenachristine_s""","""""",false,false,"""https://scontent-yyz1-1.cdninstagram.com/v/t51.2885-19/403982949_1055386882154360_8201587000022028758_n.jpg?stp=dst-jpg_s150x150&_nc_ht=scontent-yyz1-1.cdninstagram.com&_nc_cat=1&_nc_ohc=1e2mQ8eOSZ8Ab7gDVPK&edm=ALB854YBAAAA&ccb=7-5&oh=00_AfB34kzJ_2Ca1ZfdOBnBg5zpco0hIUwGiVD8Iam6xtWJzQ&oe=6617B213&_nc_sid=ce9561""",1712439644,"""""",true
"""3234403758""",0,"""Kenny Mshaidi""","""3234403758""","""3202532170329019514_3234403758""","""17841403232754300""","""""","""""","""""",[],"""""","""3234403758""",false,"""kenny_mshaidi""","""""",false,true,"""https://scontent-yyz1-1.cdninstagram.com/v/t51.2885-19/384549748_697626805592842_4296459195536546740_n.jpg?stp=dst-jpg_s150x150&_nc_ht=scontent-yyz1-1.cdninstagram.com&_nc_cat=110&_nc_ohc=3oHANsRrr_gAb5Pnhdr&edm=ALB854YBAAAA&ccb=7-5&oh=00_AfAVjvA6MWUXwO8xNHqVfRtLlOIvP6x0vizjJP5Zq-FuJg&oe=6617D2A2&_nc_sid=ce9561""",0,"""""",false
"""2065420091""",0,"""Jérôme Auger""","""2065420091""","""2940284070925174862_2065420091""","""17841402042748177""","""""","""""","""""",[],"""""","""2065420091""",false,"""bboy_yaj""","""""",false,false,"""https://scontent-yyz1-1.cdninstagram.com/v/t51.2885-19/310166247_1442497369590988_2605971941166135639_n.jpg?stp=dst-jpg_s150x150&_nc_ht=scontent-yyz1-1.cdninstagram.com&_nc_cat=104&_nc_ohc=YmpyNNuNuzcAb6gHeSa&edm=ALB854YBAAAA&ccb=7-5&oh=00_AfBuQOIYcjhRZj2HDRYvmrtnkqX5UkOQplo9wqKo78IDQQ&oe=6617C73F&_nc_sid=ce9561""",0,"""""",false
"""3522393106""",0,"""Sofia Saada""","""3522393106""","""3332383308116432715_3522393106""","""17841403393200299""","""""","""""","""""",[],"""""","""3522393106""",false,"""sofia.saada""","""""",false,true,"""https://scontent-yyz1-1.cdninstagram.com/v/t51.2885-19/434475851_383928421176159_976917103514151455_n.jpg?stp=dst-jpg_s150x150&_nc_ht=scontent-yyz1-1.cdninstagram.com&_nc_cat=103&_nc_ohc=-zihL2_V77MAb4TrwPY&edm=ALB854YBAAAA&ccb=7-5&oh=00_AfBq67wdVxkP-x6mh-cMSNtoxqrW8n9dE7oamBu-_WQKKQ&oe=6617CF60&_nc_sid=ce9561""",0,"""""",false
"""633662593""",1,"""Diana Conforti | Pushing Together""","""633662593""","""3240318586562864729_633662593""","""17841401877799900""","""""","""""","""""",[],"""""","""633662593""",false,"""dianaconforti.fit""","""""",false,false,"""https://scontent-yyz1-1.cdninstagram.com/v/t51.2885-19/403777911_243169141866387_6180069977771699642_n.jpg?stp=dst-jpg_s150x150&_nc_ht=scontent-yyz1-1.cdninstagram.com&_nc_cat=1&_nc_ohc=G3u9NpHT3bgAb6FJ7iA&edm=ALB854YBAAAA&ccb=7-5&oh=00_AfDSmQyxfkYbBIMJk_txkvoZWxv_Mu8sixMWN6K8fdIC-g&oe=6617C471&_nc_sid=ce9561""",1712439477,"""""",true
"""8012033210""",1,"""LISA""","""8012033210""","""3057453947019934136_8012033210""","""17841407956311504""","""""","""""","""""",[],"""""","""8012033210""",false,"""lalalalisa_m""","""""",false,false,"""https://scontent-yyz1-1.cdninstagram.com/v/t51.2885-19/335548831_732396118391886_7853567790371879470_n.jpg?stp=dst-jpg_s150x150&_nc_ht=scontent-yyz1-1.cdninstagram.com&_nc_cat=1&_nc_ohc=AKp0wtzsbTMAb5X0LtO&edm=ALB854YBAAAA&ccb=7-5&oh=00_AfA6oShjI2ijArbMrdpQayZn7HQ4FJUSUBHcFYtpL5W6Hg&oe=6617CCC9&_nc_sid=ce9561""",0,"""""",true
"""10682860030""",0,"""Madryk Côté""","""10682860030""","""2375154352888131841_10682860030""","""17841410680915357""","""""","""""","""""",[],"""""","""10682860030""",false,"""madryk_cote""","""""",false,false,"""https://scontent-yyz1-1.cdninstagram.com/v/t51.2885-19/117647689_128875152007858_5784983291253127563_n.jpg?stp=dst-jpg_s150x150&_nc_ht=scontent-yyz1-1.cdninstagram.com&_nc_cat=110&_nc_ohc=YpB7WhIIvEMAb6lrJ4D&edm=ALB854YBAAAA&ccb=7-5&oh=00_AfC7mGOy5INtdNpVeKalL7FNSklHs2I9rWi6mk4-DtkYfg&oe=6617BE7F&_nc_sid=ce9561""",0,"""""",false
"""2940573643""",0,"""Simon Nipkau""","""2940573643""","""2945925067910118236_2940573643""","""17841403049297571""","""""","""""","""""",[],"""""","""2940573643""",false,"""simonipkau""","""""",false,false,"""https://scontent-yyz1-1.cdninstagram.com/v/t51.2885-19/311137071_685919429270382_6900012670232138315_n.jpg?stp=dst-jpg_s150x150&_nc_ht=scontent-yyz1-1.cdninstagram.com&_nc_cat=106&_nc_ohc=oACULn7jkbEAb6xvWiE&edm=ALB854YBAAAA&ccb=7-5&oh=00_AfAMUzTPrOs9p-SoXfJbTzPsX2QVV-K5v-Q3Sgd_gkn5nw&oe=6617E26A&_nc_sid=ce9561""",0,"""""",false
"""450625455""",1,"""BUGATTI""","""450625455""","""2890855533776264527_450625455""","""17841400043657041""","""""","""""","""""",[],"""""","""450625455""",false,"""bugatti""","""""",false,false,"""https://scontent-yyz1-1.cdninstagram.com/v/t51.2885-19/295452217_634946657631062_8329313819020271629_n.jpg?stp=dst-jpg_s150x150&_nc_ht=scontent-yyz1-1.cdninstagram.com&_nc_cat=1&_nc_ohc=yvbYwY7wgJMAb4Fi6JC&edm=ALB854YBAAAA&ccb=7-5&oh=00_AfBzUQEnSVeZDIL3KCeVBe6B2Zpv9w47zg9FLG-r94hXNw&oe=6617DF0D&_nc_sid=ce9561""",0,"""""",true
"""462752227""",0,"""Porsche""","""462752227""","""3123620519705949200_462752227""","""17841400966817230""","""""","""""","""""",[],"""""","""462752227""",false,"""porsche""","""""",false,false,"""https://scontent-yyz1-1.cdninstagram.com/v/t51.2885-19/352846381_809224917078577_8912127263008605813_n.jpg?stp=dst-jpg_s150x150&_nc_ht=scontent-yyz1-1.cdninstagram.com&_nc_cat=1&_nc_ohc=qrauXC019MIAb4ZL_Wm&edm=ALB854YBAAAA&ccb=7-5&oh=00_AfBZ6ZF-rnPQ__IRNkT6EU3BMfZrINAoRQJGqqbc4LyjOg&oe=6617CA5D&_nc_sid=ce9561""",1712394094,"""""",true
"""7205773516""",0,"""Thomas Michon""","""7205773516""","""2806953562807332113_7205773516""","""17841407365480721""","""""","""""","""""",[],"""""","""7205773516""",false,"""lil_foueg""","""""",false,false,"""https://scontent-yyz1-1.cdninstagram.com/v/t51.2885-19/277702205_333899418713567_2873149021719306005_n.jpg?stp=dst-jpg_s150x150&_nc_ht=scontent-yyz1-1.cdninstagram.com&_nc_cat=111&_nc_ohc=YTfueVzATkkAb4NI5Ce&edm=ALB854YBAAAA&ccb=7-5&oh=00_AfCKOiqD5NHFMwd-AOZ4sgPitV6yDBA0qcoF15Cc0fxORg&oe=6617C5F7&_nc_sid=ce9561""",0,"""""",false
"""18900337""",0,"""flame""","""18900337""","""""","""17841400610110295""","""""","""""","""""",[],"""""","""18900337""",false,"""travisscott""","""""",false,false,"""https://scontent-yyz1-1.cdninstagram.com/v/t51.2885-19/11348214_1481558242162220_192850898_a.jpg?stp=dst-jpg_s150x150&_nc_ht=scontent-yyz1-1.cdninstagram.com&_nc_cat=1&_nc_ohc=6gSEMoPbmJEAb4coOe0&edm=ALB854YBAAAA&ccb=7-5&oh=00_AfCsmx5Fz9N3rexr3hWBQpkEDaSmRVjPOGw2zQAhV7vtBQ&oe=6617B361&_nc_sid=ce9561""",1712374547,"""""",true
"""6901884905""",0,"""Maxime Michon""","""6901884905""","""3096847971132115570_6901884905""","""17841406867172735""","""""","""""","""""",[],"""""","""6901884905""",false,"""max_michon_""","""""",false,false,"""https://scontent-yyz1-1.cdninstagram.com/v/t51.2885-19/344869685_1406273480187227_7939769253768635589_n.jpg?stp=dst-jpg_s150x150&_nc_ht=scontent-yyz1-1.cdninstagram.com&_nc_cat=111&_nc_ohc=smAxwIAPZIkAb7P5IdB&edm=ALB854YBAAAA&ccb=7-5&oh=00_AfCk1eZsOTvFaaMsvW7oiszrlbVX7SP4jF_NE_YcaoRjRQ&oe=6617E21D&_nc_sid=ce9561""",0,"""""",false
"""47177715081""",0,"""Alexandre Paquet""","""47177715081""","""3220298146368463825_47177715081""","""17841447132447214""","""""","""""","""""",[],"""""","""47177715081""",false,"""dragongayart""","""""",false,false,"""https://scontent-yyz1-1.cdninstagram.com/v/t51.2885-19/395176708_624889589582097_2555439714045846817_n.jpg?stp=dst-jpg_s150x150&_nc_ht=scontent-yyz1-1.cdninstagram.com&_nc_cat=109&_nc_ohc=epidkVi4zm8Ab5ejbrh&edm=ALB854YBAAAA&ccb=7-5&oh=00_AfBcK15d9tRCT6wm0qQ-JFDNG1GJElvBvPd2qJKdrmaMsg&oe=6617B3B3&_nc_sid=ce9561""",0,"""""",false
"""292864121""",1,"""League of Legends""","""292864121""","""3220711816991505221_292864121""","""17841400003634576""","""""","""""","""""",[],"""""","""292864121""",false,"""leagueoflegends""","""""",false,false,"""https://scontent-yyz1-1.cdninstagram.com/v/t51.2885-19/394789277_2044714379217830_1229223474208624802_n.jpg?stp=dst-jpg_s150x150&_nc_ht=scontent-yyz1-1.cdninstagram.com&_nc_cat=1&_nc_ohc=SexlJYKZ-UcAb5-r441&edm=ALB854YBAAAA&ccb=7-5&oh=00_AfDQAErjKjLLzMnWjTWmgZcv4ON1oLTDp7z90tglbjT9Xw&oe=6617B856&_nc_sid=ce9561""",0,"""""",true
"""10943735""",1,"""Audi USA""","""10943735""","""2212050245066869566_10943735""","""17841401912050170""","""""","""""","""""",[],"""""","""10943735""",false,"""audi""","""""",false,false,"""https://scontent-yyz1-1.cdninstagram.com/v/t51.2885-19/79315591_540023663261358_5518257128172683264_n.jpg?stp=dst-jpg_s150x150&_nc_ht=scontent-yyz1-1.cdninstagram.com&_nc_cat=1&_nc_ohc=e8vv0M-2K5gAb5c_tDj&edm=ALB854YBAAAA&ccb=7-5&oh=00_AfCbJHD9qNc8UbGsinoLtamyzZRO6uOchFESQLgKUaR0lQ&oe=6617C71E&_nc_sid=ce9561""",0,"""""",true
"""1446615864""",0,"""Philippe Turk""","""1446615864""","""2815608755234399700_1446615864""","""17841400715942603""","""""","""""","""""",[],"""""","""1446615864""",false,"""phladds""","""""",false,true,"""https://scontent-yyz1-1.cdninstagram.com/v/t51.2885-19/278315464_1055267908408854_1862384994694876212_n.jpg?stp=dst-jpg_s150x150&_nc_ht=scontent-yyz1-1.cdninstagram.com&_nc_cat=106&_nc_ohc=xyhg1lpwDwgAb5xyidq&edm=ALB854YBAAAA&ccb=7-5&oh=00_AfCf7hX-nS-UpvQGXgW8HsGZO0JssU-yUTEVgF6ACBmwOA&oe=6617D209&_nc_sid=ce9561""",0,"""""",false
"""3273713085""",0,"""Théo Fortier""","""3273713085""","""2962221927133088843_3273713085""","""17841403152569214""","""""","""""","""""",[],"""""","""3273713085""",false,"""fortier.theo""","""""",false,false,"""https://scontent-yyz1-1.cdninstagram.com/v/t51.2885-19/313515382_887702292609521_2146703552879105698_n.jpg?stp=dst-jpg_s150x150&_nc_ht=scontent-yyz1-1.cdninstagram.com&_nc_cat=105&_nc_ohc=X18igob-ujUAb4TbPWe&edm=ALB854YBAAAA&ccb=7-5&oh=00_AfD2tnF5U_OB1hkFB_a5QqbVzjjs2o9bPm_aJDlGeZ4kRQ&oe=6617D7C3&_nc_sid=ce9561""",0,"""""",false
"""1466210341""",0,"""Corentin H - Gotaga""","""1466210341""","""3080187458075492986_1466210341""","""17841401030252909""","""""","""""","""""",[],"""""","""1466210341""",false,"""gotaga""","""""",false,false,"""https://scontent-yyz1-1.cdninstagram.com/v/t51.2885-19/340956993_236181742233835_8519500855024629457_n.jpg?stp=dst-jpg_s150x150&_nc_ht=scontent-yyz1-1.cdninstagram.com&_nc_cat=1&_nc_ohc=CPuv9tC4vqUAb6awraR&edm=ALB854YBAAAA&ccb=7-5&oh=00_AfAdsueNNQI1TtLfra_bHni58YvWFcFkik0bpxM0-fHb0Q&oe=6617C9F8&_nc_sid=ce9561""",0,"""""",true
"""26490008""",1,"""Nike Skateboarding""","""26490008""","""2156921077123654474_26490008""","""17841401740240413""","""""","""""","""""",[],"""""","""26490008""",false,"""nikesb""","""""",false,false,"""https://scontent-yyz1-1.cdninstagram.com/v/t51.2885-19/73426945_415749175804579_7373729703519059968_n.jpg?stp=dst-jpg_s150x150&_nc_ht=scontent-yyz1-1.cdninstagram.com&_nc_cat=1&_nc_ohc=xeL0X_rcf_EAb5QecVf&edm=ALB854YBAAAA&ccb=7-5&oh=00_AfBKjQ4Y_WR0J7X0sXvTsOKNNn8s2NvJl7I5xKGbsfy8cQ&oe=6617CC68&_nc_sid=ce9561""",0,"""""",true
"""2996607197""",0,"""Christopher Bélanger""","""2996607197""","""2804922717653825297_2996607197""","""17841403095924575""","""""","""""","""""",[],"""""","""2996607197""",false,"""christohero4""","""""",false,true,"""https://scontent-yyz1-1.cdninstagram.com/v/t51.2885-19/277445317_160224329707598_7551309508288791484_n.jpg?stp=dst-jpg_s150x150&_nc_ht=scontent-yyz1-1.cdninstagram.com&_nc_cat=102&_nc_ohc=xfMNCIuvvD4Ab79Ueo7&edm=ALB854YBAAAA&ccb=7-5&oh=00_AfC0jcR24DOAGZ9ZVBR-0NEOEA_q0mfoB-babG8BQNU6SQ&oe=6617CBB3&_nc_sid=ce9561""",0,"""""",false
"""25749975""",1,"""Mercedes-Benz""","""25749975""","""3138621711842554470_25749975""","""17841400659250402""","""""","""""","""""",[],"""""","""25749975""",false,"""mercedesbenz""","""""",false,false,"""https://scontent-yyz1-1.cdninstagram.com/v/t51.2885-19/357781953_210772651935998_4085216955013135523_n.jpg?stp=dst-jpg_s150x150&_nc_ht=scontent-yyz1-1.cdninstagram.com&_nc_cat=1&_nc_ohc=nIxT6KrAc0gAb4Ty9VC&edm=ALB854YBAAAA&ccb=7-5&oh=00_AfB5f_EBvCM9yUlCE8-bG8jb2tzOKgXdZDixW-vOe273DQ&oe=6617E870&_nc_sid=ce9561""",0,"""""",true
"""2948898222""",0,"""Jonathan Goyette""","""2948898222""","""1629824356131977078_2948898222""","""17841402946668612""","""""","""""","""""",[],"""""","""2948898222""",false,"""j.goyette""","""""",false,true,"""https://scontent-yyz1-1.cdninstagram.com/v/t51.2885-19/22580994_498106187236986_3681210383432941568_n.jpg?stp=dst-jpg_s150x150&_nc_ht=scontent-yyz1-1.cdninstagram.com&_nc_cat=106&_nc_ohc=XUXc7EELUKMAb5VJZ9t&edm=ALB854YBAAAA&ccb=7-5&oh=00_AfDFh3FZdpRFymtNTl9eMdtfZbxwGzveyO3fWib-pcxZEA&oe=6617CDDF&_nc_sid=ce9561""",0,"""""",false
"""9556932""",1,"""Khyzyl Saleem""","""9556932""","""3271364303091079137_9556932""","""17841400627960149""","""""","""""","""""",[],"""""","""9556932""",false,"""the_kyza""","""""",false,false,"""https://scontent-yyz1-1.cdninstagram.com/v/t51.2885-19/416168909_745376643687323_4922418442602720787_n.jpg?stp=dst-jpg_s150x150&_nc_ht=scontent-yyz1-1.cdninstagram.com&_nc_cat=1&_nc_ohc=aJkse8GtHmkAb4wKDuA&edm=ALB854YBAAAA&ccb=7-5&oh=00_AfBoyEKQys6hRD4RI9yYmwmW7fAMY5U1RnMiS-I0oBAvvQ&oe=6617B369&_nc_sid=ce9561""",0,"""""",true
"""12588443338""",0,"""Cam Cam pour les intimes""","""12588443338""","""3175073693909928015_12588443338""","""17841412580153555""","""""","""""","""""",[],"""""","""12588443338""",false,"""camcamenelewhisky_""","""""",false,true,"""https://scontent-yyz1-1.cdninstagram.com/v/t51.2885-19/368698059_6954173287975735_3505105917072027127_n.jpg?stp=dst-jpg_s150x150&_nc_ht=scontent-yyz1-1.cdninstagram.com&_nc_cat=107&_nc_ohc=GT5CsOleq_8Ab6TGYAY&edm=ALB854YBAAAA&ccb=7-5&oh=00_AfC1r1AXV40ldKD_tbU9xv4FYiNt405sUH-KKj2TI-C7DQ&oe=6617E071&_nc_sid=ce9561""",0,"""""",false
"""4668761847""",1,"""Arthus Lecanu""","""4668761847""","""3302936289891285007_4668761847""","""17841404615423595""","""""","""""","""""",[],"""""","""4668761847""",false,"""arthus_lec""","""""",false,true,"""https://scontent-yyz1-1.cdninstagram.com/v/t51.2885-19/426848484_920541149668421_8229168878626124490_n.jpg?stp=dst-jpg_s150x150&_nc_ht=scontent-yyz1-1.cdninstagram.com&_nc_cat=105&_nc_ohc=Y1WPDuCIOCQAb7oMmlD&edm=ALB854YBAAAA&ccb=7-5&oh=00_AfB1VtoOLHZNCdFgX-6WSi8Sg5nSq2u_xHj51C0KlfB6yw&oe=6617CA8E&_nc_sid=ce9561""",0,"""""",false
"""6249585659""",0,"""Thomas Mouneyrat""","""6249585659""","""3297764530051942582_6249585659""","""17841406289771198""","""""","""""","""""",[],"""""","""6249585659""",false,"""tom_tom_512""","""""",false,true,"""https://scontent-yyz1-1.cdninstagram.com/v/t51.2885-19/425451420_7125161034263165_1084365523739595451_n.jpg?stp=dst-jpg_s150x150&_nc_ht=scontent-yyz1-1.cdninstagram.com&_nc_cat=105&_nc_ohc=3jwLVOc8DyQAb6Y3lRh&edm=ALB854YBAAAA&ccb=7-5&oh=00_AfAenhWrmjbs0VTAJsd1hV125hzAH6qXRrpk8r7SqPrVtA&oe=6617C7FE&_nc_sid=ce9561""",0,"""""",false
